name,gender,probability,count
yajiong,None,0.0,0
yaju,male,0.75,4
yajuan,female,1.0,11
yajulu,None,0.0,0
yajun,male,0.67,43
yajung,None,0.0,0
yakang,male,1.0,1
yakara,male,0.67,3
yake,female,0.54,68
yakhlef,male,0.76,17
yakibi,None,0.0,0
yakir,male,1.0,35
yakoub,male,0.97,318
yakov,male,0.99,320
yakovatamara,None,0.0,0
yakovleva,female,0.86,14
yakshi,female,1.0,1
yakub,male,0.96,346
yakubo,male,1.0,1
yakubu,male,0.92,608
yakui,None,0.0,0
yakun,female,0.57,7
yakup,male,0.97,14589
yalan,male,0.51,504
yalcin,male,0.97,1778
yalda,female,0.97,448
yale,male,0.75,128
yalei,None,0.0,0
yali,female,0.62,191
yaliang,None,0.0,0
yalin,male,0.92,792
yaling,female,0.84,25
yalitza,female,1.0,16
yalou,male,0.57,14
yalun,male,0.63,8
yam,male,0.5,946
yamada,male,0.79,211
yamagishi,male,1.0,8
yamaguchi,male,0.74,105
yamala,female,0.75,4
yamamah,female,0.67,3
yamamoto,male,0.76,265
yaman,male,0.94,1465
yamanaka,male,0.86,22
yamane,male,0.79,33
yamanishi,male,1.0,2
yamaoka,male,0.83,12
yamasaki,male,0.84,38
yamashita,male,0.69,91
yamauchi,male,0.71,21
yamazaki,male,0.8,82
yameen,male,0.98,55
yamei,female,0.71,14
yamen,male,0.97,725
yameng,male,1.0,1
yamikani,female,0.5,18
yamila,female,0.99,857
yamile,female,0.99,654
yamileth,female,0.98,377
yamilita,female,1.0,7
yamin,male,0.73,389
yaming,male,0.64,22
yamini,female,0.93,97
yamir,male,0.82,72
yamori,female,1.0,1
yamuna,female,0.93,82
yan,male,0.75,10113
yana,female,0.96,7793
yanagihara,male,1.0,4
yanagimoto,male,1.0,1
yanan,female,0.76,83
yanann,None,0.0,0
yanashima,None,0.0,0
yanbei,male,1.0,1
yanben,None,0.0,0
yanbiao,male,1.0,4
yanbin,male,0.81,21
yanbing,female,0.57,7
yanbo,male,0.68,19
yancai,female,1.0,1
yanchai,None,0.0,0
yanchang,male,1.0,1
yanchao,male,0.92,13
yanchaozhang,None,0.0,0
yanchen,male,0.58,12
yancheng,male,0.83,6
yanchi,male,0.56,9
yanchini,None,0.0,0
yanchong,None,0.0,0
yanchu,male,1.0,1
yanchuan,None,0.0,0
yanchun,female,0.5,12
yancun,male,1.0,1
yancy,male,0.61,108
yanda,female,0.55,62
yandi,male,0.79,119
yandong,male,1.0,7
yandun,None,0.0,0
yanduo,None,0.0,0
yaneer,None,0.0,0
yaneileth,None,0.0,0
yanen,male,1.0,3
yanet,female,0.99,1172
yaneth,female,0.98,566
yanetsy,female,1.0,24
yanez,male,0.92,140
yanfang,female,0.94,31
yanfei,male,0.63,32
yanfeng,male,0.76,34
yanfu,male,0.75,4
yang,male,0.64,3869
yanga,male,0.68,101
yangang,male,1.0,6
yangao,None,0.0,0
yangbin,male,1.0,7
yangbing,female,1.0,1
yangbo,male,1.0,7
yangchan,None,0.0,0
yangchang,male,1.0,1
yangchen,female,0.93,14
yangcheng,male,0.67,3
yangchiachen,None,0.0,0
yangchieh,None,0.0,0
yangchih,male,1.0,1
yangchun,male,0.83,6
yangding,female,1.0,1
yangdong,female,1.0,1
yange,female,0.6,10
yangeng,None,0.0,0
yangfan,male,0.71,17
yangge,male,1.0,1
yanggon,None,0.0,0
yangguang,male,0.97,30
yangha,male,0.75,4
yanghai,None,0.0,0
yanghee,female,0.78,27
yanghong,female,0.75,4
yanghongping,None,0.0,0
yanghua,male,0.63,8
yanghui,male,0.78,9
yanghyun,female,0.6,10
yanging,None,0.0,0
yangjian,male,1.0,9
yangjiang,None,0.0,0
yangjie,male,0.79,14
yangjin,male,0.71,7
yangjing,female,0.83,6
yangjingjing,None,0.0,0
yangju,male,1.0,1
yangjun,male,0.85,13
yangkai,male,1.0,6
yanglan,female,1.0,1
yangli,male,0.57,7
yangliao,None,0.0,0
yanglim,male,1.0,2
yanglin,male,0.88,8
yangling,female,1.0,5
yanglong,male,1.0,4
yangmei,female,1.0,3
yangmi,female,0.82,11
yangmin,male,1.0,9
yangming,male,1.0,11
yangning,female,0.5,2
yangqian,None,0.0,0
yangqing,male,0.6,5
yangqiu,None,0.0,0
yangquan,None,0.0,0
yangrong,female,0.5,2
yangrui,female,0.5,2
yangsae,None,0.0,0
yangsheng,male,1.0,6
yangsong,male,1.0,1
yangsoo,male,1.0,11
yangsun,female,0.6,5
yangtao,male,0.8,5
yangtzu,None,0.0,0
yangu,female,0.67,3
yanguang,male,0.75,8
yanguo,female,0.5,2
yangwei,male,0.89,9
yangwon,male,0.8,15
yangwoo,male,1.0,9
yangxia,female,1.0,1
yangxue,female,1.0,2
yangyang,female,0.6,177
yangyen,None,0.0,0
yangyi,male,0.65,20
yangyong,male,1.0,4
yangyu,male,0.75,8
yangyue,female,0.5,2
yangyun,female,0.5,2
yangzhao,female,1.0,1
yangzhen,male,1.0,2
yangzhengshi,None,0.0,0
yangzhong,male,1.0,1
yangzhou,female,0.5,2
yangzihao,None,0.0,0
yanhang,None,0.0,0
yanhao,male,1.0,6
yanhe,male,0.67,6
yanheng,None,0.0,0
yanhong,female,0.91,44
yanhua,female,0.8,40
yanhuai,None,0.0,0
yanhui,male,0.59,37
yani,female,0.68,2091
yania,female,0.97,78
yanick,male,0.94,1202
yanik,male,0.95,612
yanina,female,0.99,1845
yaninee,female,1.0,3
yaning,female,0.57,7
yanira,female,0.99,2442
yaniris,female,0.96,49
yaniv,male,0.97,342
yanji,female,0.71,28
yanjiang,male,1.0,5
yanjiao,female,1.0,6
yanjie,male,0.59,39
yanjing,female,0.63,16
yanju,male,0.75,20
yanjuan,female,1.0,6
yanjun,male,0.65,54
yanka,female,0.88,208
yankai,male,0.86,7
yankang,male,1.0,2
yankson,female,0.5,12
yankuan,None,0.0,0
yanlan,female,1.0,4
yanlei,male,0.6,5
yanli,female,0.87,62
yanlin,female,0.53,34
yanling,female,0.95,66
yanliu,None,0.0,0
yanlong,male,1.0,8
yanlu,female,0.6,5
yanmei,female,0.97,30
yanmengqian,None,0.0,0
yanmin,female,0.77,13
yanming,male,0.79,33
yann,male,0.98,28202
yanna,female,0.94,440
yannan,female,0.6,5
yanne,male,0.55,398
yannga,male,1.0,2
yannhang,None,0.0,0
yanni,male,0.71,608
yannic,male,0.96,689
yannick,male,0.96,28735
yanning,male,0.57,7
yannis,male,0.98,3161
yannjong,None,0.0,0
yano,male,0.9,319
yanpei,female,1.0,1
yanpeng,male,1.0,13
yanping,female,0.7,54
yanqi,female,0.64,11
yanqiang,male,1.0,4
yanqiao,None,0.0,0
yanqin,female,1.0,8
yanqing,male,0.56,25
yanqiong,female,1.0,4
yanqiu,female,0.9,10
yanquan,male,1.0,1
yanqun,female,0.8,5
yanran,female,1.0,7
yanri,male,0.92,13
yanrong,female,0.82,11
yanru,female,1.0,11
yansen,male,0.97,64
yanshao,None,0.0,0
yanshen,male,1.0,4
yansheng,male,0.88,8
yanshiang,None,0.0,0
yanshing,None,0.0,0
yanshou,male,1.0,1
yanshu,male,1.0,2
yanshuang,female,1.0,2
yanshun,None,0.0,0
yanshuo,female,1.0,1
yansong,male,1.0,14
yantai,male,1.0,3
yantao,male,0.67,12
yanti,female,0.98,583
yanting,female,0.82,22
yanu,male,0.66,74
yanuar,male,0.95,323
yanwei,male,0.7,27
yanwen,female,0.65,26
yanwu,male,0.57,7
yanxi,female,0.86,7
yanxia,female,1.0,14
yanxiang,female,0.57,7
yanxiao,male,1.0,2
yanxin,female,0.67,12
yanxing,male,0.57,7
yanxiu,female,1.0,3
yanxun,None,0.0,0
yanyan,female,0.72,328
yanyang,female,0.56,9
yanyi,female,0.79,19
yanying,female,0.91,11
yanyong,male,0.95,21
yanyu,female,0.86,22
yanyuan,female,0.67,3
yanyun,female,0.6,10
yanze,male,0.6,5
yanzhang,male,1.0,4
yanzhe,male,0.8,5
yanzhi,male,0.7,10
yanzhong,male,1.0,2
yanzhu,female,0.5,6
yanzi,female,0.93,73
yao,male,0.8,3353
yaoan,male,1.0,2
yaoban,None,0.0,0
yaobin,male,1.0,4
yaobo,male,1.0,1
yaochen,None,0.0,0
yaochi,None,0.0,0
yaochu,None,0.0,0
yaochun,None,0.0,0
yaochung,None,0.0,0
yaodong,male,1.0,11
yaofei,male,1.0,3
yaofeng,male,1.0,6
yaogai,None,0.0,0
yaogen,male,1.0,1
yaoguang,male,1.0,4
yaohong,male,0.83,6
yaohsien,male,1.0,1
yaohsu,None,0.0,0
yaohua,male,0.89,9
yaohui,male,0.93,15
yaohung,male,1.0,1
yaojen,None,0.0,0
yaojia,female,1.0,1
yaojin,male,1.0,1
yaojun,male,0.89,9
yaokai,None,0.0,0
yaokuang,None,0.0,0
yaokun,male,1.0,1
yaoli,male,1.0,3
yaoliang,male,1.0,2
yaolin,male,1.0,2
yaoling,None,0.0,0
yaolong,male,1.0,1
yaolung,None,0.0,0
yaomao,None,0.0,0
yaomin,male,0.8,5
yaoming,male,0.9,21
yaonan,male,1.0,3
yaonian,None,0.0,0
yaopeng,male,1.0,2
yaoping,female,0.67,3
yaoqi,male,1.0,2
yaoqing,female,1.0,1
yaoqun,None,0.0,0
yaorong,male,1.0,3
yaoru,None,0.0,0
yaorui,male,1.0,1
yaosen,male,1.0,2
yaosheng,None,0.0,0
yaoting,male,1.0,4
yaotsung,male,1.0,1
yaotung,None,0.0,0
yaowalak,female,1.0,42
yaowei,male,1.0,8
yaowen,male,0.75,8
yaoxian,male,1.0,2
yaoxue,None,0.0,0
yaoyang,male,1.0,6
yaoyao,female,0.87,98
yaoyi,male,1.0,2
yaoyu,male,1.0,2
yaozhi,male,1.0,1
yaozhou,None,0.0,0
yaozu,male,1.0,1
yap,male,0.62,939
yapei,None,0.0,0
yapeng,male,1.0,10
yaping,female,0.82,39
yapo,male,0.81,258
yappeng,None,0.0,0
yaprak,female,0.97,1901
yapu,male,0.67,3
yaqi,female,0.68,31
yaqian,female,1.0,5
yaqiao,female,0.5,4
yaqin,female,0.79,24
yaqing,female,0.82,11
yaqiong,female,0.8,5
yaqoob,male,0.97,237
yaqoub,male,0.99,74
yaqun,female,0.5,2
yara,female,0.95,4078
yaran,male,0.79,33
yarden,male,0.53,55
yardena,female,0.88,26
yared,male,0.97,288
yarelit,None,0.0,0
yari,male,0.72,1094
yarime,female,1.0,2
yarit,male,0.64,11
yaritza,female,0.99,342
yariv,male,0.98,57
yarka,female,0.5,30
yaron,male,0.99,306
yarong,female,0.75,4
yaroslav,male,0.99,1222
yaroslava,female,0.98,280
yarrow,male,0.91,11
yaru,female,0.76,34
yarub,male,1.0,14
yarui,male,1.0,1
yarun,female,0.75,8
yasaman,female,0.98,381
yasamin,female,0.96,137
yasantha,male,0.92,13
yasar,male,0.96,5766
yaseen,male,0.98,627
yasemin,female,0.97,23430
yaser,male,0.97,3298
yash,male,0.97,1425
yasha,male,0.76,258
yashan,male,0.83,6
yashar,male,0.98,717
yashaswi,male,1.0,2
yashavant,None,0.0,0
yashen,male,0.75,4
yasheng,male,1.0,1
yashin,male,0.98,52
yashodhan,male,1.0,13
yashu,male,0.76,41
yashuai,None,0.0,0
yashwant,male,0.99,93
yashwardhan,male,1.0,2
yasi,female,0.75,514
yasima,female,1.0,6
yasin,male,0.97,32114
yasir,male,0.98,3586
yasmeen,female,0.96,642
yasmin,female,0.97,10244
yasmine,female,0.98,12266
yasna,female,0.98,299
yasodara,female,1.0,1
yasong,None,0.0,0
yasotha,female,1.0,20
yassen,male,0.97,231
yasser,male,0.98,9171
yassin,male,0.97,10647
yassine,male,0.98,27349
yassir,male,0.98,2729
yasuaki,male,1.0,161
yasuda,male,0.65,26
yasudo,None,0.0,0
yasue,female,0.89,35
yasufumi,male,1.0,61
yasuharu,male,1.0,75
yasuhide,male,1.0,31
yasuhiko,male,0.99,156
yasuhiro,male,1.0,779
yasuhisa,male,1.0,65
yasukawa,male,0.63,8
yasukazu,male,1.0,29
yasuko,female,0.98,284
yasumasa,male,1.0,78
yasumasu,None,0.0,0
yasumichi,male,1.0,18
yasunobu,male,1.0,64
yasunori,male,1.0,211
yasuo,male,0.99,363
yasushi,male,1.0,432
yasutaka,male,0.99,169
yasutake,male,1.0,10
yasuto,male,1.0,37
yasutoshi,male,1.0,30
yasuyuki,male,1.0,340
yatan,male,0.92,12
yatao,male,0.88,8
yateendra,male,1.0,1
yates,male,0.9,21
yatharth,male,1.0,16
yathin,male,1.0,6
yathrib,male,0.7,10
yatim,male,0.95,22
yatin,male,0.99,155
yatindra,male,1.0,11
yating,female,0.97,34
yatintalati,None,0.0,0
yatish,male,1.0,48
yatong,female,0.5,2
yatsuka,male,1.0,1
yatsun,None,0.0,0
yau,male,0.72,258
yauhwang,None,0.0,0
yavanna,female,1.0,22
yavira,female,1.0,1
yavuz,male,0.97,16810
yaw,male,0.93,888
yawara,male,0.7,10
yawei,female,0.53,17
yawen,female,0.88,58
yawhuei,None,0.0,0
yaxi,female,0.67,18
yaxian,female,1.0,6
yaxin,female,0.75,16
yaxiong,male,1.0,1
yaxiu,None,0.0,0
yaxuan,female,0.75,4
yaya,male,0.64,8651
yayat,male,0.89,131
yayati,male,0.67,9
yaying,female,0.79,14
yayong,male,1.0,1
yayuan,female,1.0,2
yayun,female,0.63,16
yayus,male,0.93,29
yaz,male,0.85,2801
yazan,male,0.97,1274
yazdan,male,0.94,80
yazdkhasti,None,0.0,0
yazeed,male,0.98,711
yazhe,male,0.75,4
yazhen,female,0.78,9
yazhi,female,1.0,6
yazhong,None,0.0,0
yazhou,male,0.88,8
yazhu,female,1.0,1
yazhuo,male,0.67,3
yazi,male,0.73,73
yazid,male,0.99,3459
yazmin,female,0.99,579
yazn,male,0.98,54
yazoume,None,0.0,0
yazrina,female,1.0,1
yazriwati,None,0.0,0
yc,male,0.82,147
ychuang,male,1.0,1
yda,female,0.89,81
ydo,male,0.84,25
yds,male,0.82,11
ye,male,0.54,1419
yea,female,0.52,193
yeager,male,0.89,9
yeahuey,None,0.0,0
yeahung,None,0.0,0
yeajin,female,0.9,21
yeali,female,0.67,3
yeamduan,None,0.0,0
yean,male,0.53,271
yeanfu,None,0.0,0
yearn,male,0.55,11
yearu,None,0.0,0
yeates,female,1.0,1
yeawon,female,1.0,11
yeaying,None,0.0,0
yeboah,male,0.8,164
yecely,None,0.0,0
yechao,None,0.0,0
yecheng,male,1.0,5
yechezkel,male,1.0,2
yechiam,male,1.0,3
yechiel,male,1.0,8
yeda,female,0.83,47
yedan,female,0.5,4
yee,female,0.66,1725
yeechoy,None,0.0,0
yeehock,None,0.0,0
yeehong,female,0.5,4
yeeman,female,1.0,1
yeemeng,male,1.0,2
yeerang,None,0.0,0
yeeun,female,0.98,63
yeeyeen,None,0.0,0
yefan,male,0.67,3
yefang,None,0.0,0
yefei,male,0.67,12
yefeng,male,1.0,13
yefim,male,1.0,15
yefu,male,1.0,2
yeganeh,female,1.0,57
yegin,male,1.0,2
yegnashankar,None,0.0,0
yegor,male,0.98,195
yeh,male,0.63,168
yehcheng,None,0.0,0
yehchin,None,0.0,0
yehching,None,0.0,0
yeheskel,None,0.0,0
yehezkel,male,1.0,8
yehia,male,0.99,554
yehiel,male,1.0,10
yehliang,None,0.0,0
yehlih,None,0.0,0
yehonatan,male,1.0,16
yehong,male,0.6,5
yehoshua,male,1.0,25
yehua,male,0.6,5
yehuan,None,0.0,0
yehuda,male,1.0,161
yehui,male,0.6,5
yehya,male,0.96,339
yein,female,0.83,53
yeison,male,0.98,577
yejean,None,0.0,0
yeji,female,0.98,212
yejiang,None,0.0,0
yejin,female,0.97,218
yejingzhong,None,0.0,0
yejun,male,0.68,19
yekang,female,0.5,2
yekesa,None,0.0,0
yekeun,female,0.5,2
yekyung,female,1.0,3
yelani,female,1.0,4
yelda,female,0.97,1920
yelei,male,0.67,3
yelena,female,0.97,1079
yelina,female,0.94,52
yelisela,None,0.0,0
yelisetty,None,0.0,0
yeliz,female,0.97,8513
yelkal,None,0.0,0
yelnil,None,0.0,0
yelong,male,1.0,1
yelyzaveta,female,1.0,5
yema,female,0.51,41
yemin,male,0.81,53
yeming,male,0.89,9
yemisi,female,0.94,254
yen,female,0.73,1721
yena,female,0.79,199
yenal,male,0.97,271
yenamandra,None,0.0,0
yenan,male,0.63,8
yenchi,female,0.67,9
yenchieh,None,0.0,0
yenchih,male,1.0,2
yenchu,None,0.0,0
yenchun,female,1.0,1
yenda,male,0.67,18
yender,male,0.92,13
yenenesh,female,1.0,7
yener,male,0.97,2291
yenewondim,None,0.0,0
yenhsien,male,1.0,1
yenhua,None,0.0,0
yenhung,None,0.0,0
yeni,female,0.9,1545
yenita,female,1.0,23
yenjen,male,1.0,1
yenjo,None,0.0,0
yenjui,None,0.0,0
yenkuang,None,0.0,0
yenliang,None,0.0,0
yenlin,male,0.55,11
yenming,male,1.0,1
yenn,female,0.8,49
yennan,None,0.0,0
yenni,female,0.97,544
yenny,female,0.98,1713
yenpei,None,0.0,0
yenphung,None,0.0,0
yenpi,None,0.0,0
yenping,female,0.67,3
yenseng,male,1.0,1
yensheng,male,1.0,1
yenshuo,None,0.0,0
yentai,None,0.0,0
yenteh,None,0.0,0
yenth,None,0.0,0
yenting,female,0.63,8
yentsung,None,0.0,0
yentyng,None,0.0,0
yenumula,None,0.0,0
yenwei,male,0.75,4
yenwen,male,0.8,5
yenyi,female,0.88,8
yenyoo,None,0.0,0
yenyu,female,0.5,8
yeo,male,0.62,717
yeochan,None,0.0,0
yeoh,male,0.55,272
yeohan,None,0.0,0
yeojin,female,0.98,85
yeol,male,0.91,45
yeolib,male,1.0,1
yeom,male,0.79,33
yeon,female,0.68,761
yeong,male,0.7,473
yeongcheng,None,0.0,0
yeongcheol,male,1.0,3
yeongdae,None,0.0,0
yeonghun,male,1.0,7
yeonghwa,female,1.0,6
yeongil,male,0.67,3
yeongjae,male,0.83,12
yeongjin,male,0.88,17
yeongjoo,female,0.5,2
yeongju,female,0.8,15
yeongjun,male,1.0,17
yeongkil,male,1.0,2
yeongnah,None,0.0,0
yeongnan,None,0.0,0
yeongran,None,0.0,0
yeongrok,male,1.0,3
yeongshyang,None,0.0,0
yeongsil,female,1.0,1
yeongsung,male,1.0,1
yeongwha,None,0.0,0
yeonhee,female,0.99,80
yeonhwa,female,0.97,36
yeonjeong,female,1.0,29
yeonjoo,female,0.97,59
yeonjoon,male,1.0,6
yeonju,female,0.92,87
yeonjung,female,0.92,38
yeonkang,male,1.0,1
yeonkyoung,female,0.75,4
yeonkyung,female,0.95,19
yeonmi,female,1.0,15
yeonmu,None,0.0,0
yeonok,female,0.88,8
yeonshim,None,0.0,0
yeonsoo,female,0.61,56
yeonsu,female,0.7,27
yeonsup,None,0.0,0
yeontae,male,1.0,8
yeonteak,None,0.0,0
yeonwoo,female,0.68,37
yeop,male,0.94,18
yeora,None,0.0,0
yeoreum,female,0.6,5
yeori,female,0.8,5
yeoun,female,0.55,11
yeoungil,None,0.0,0
yeounoh,None,0.0,0
yeourong,None,0.0,0
yeow,male,0.85,149
yepeng,male,1.0,1
yepez,male,0.78,9
yepin,None,0.0,0
yeping,male,0.67,3
yeqian,female,0.5,2
yeqin,None,0.0,0
yeqing,female,0.71,7
yeqiu,male,1.0,2
yequin,male,1.0,1
yerach,male,1.0,1
yerai,male,0.94,416
yeraldine,female,1.0,37
yerali,None,0.0,0
yeran,female,0.85,26
yerbolat,male,1.0,21
yerenis,female,1.0,7
yerim,female,0.53,118
yerina,female,0.89,19
yerneni,None,0.0,0
yeromdavid,None,0.0,0
yerong,female,1.0,1
yeryung,female,0.75,4
yerzhan,male,1.0,117
yesaya,male,0.96,28
yesenia,female,0.99,2588
yesha,female,0.94,65
yeshambel,male,0.67,3
yeshe,male,0.69,29
yeshika,female,1.0,8
yeshiwas,male,1.0,3
yesho,male,0.67,6
yesica,female,0.99,1977
yesid,male,0.99,294
yesideth,None,0.0,0
yesim,female,0.97,1825
yesl,female,0.67,24
yeslam,male,1.0,14
yesom,female,1.0,3
yessenia,female,0.99,773
yessica,female,0.98,2922
yessy,female,0.97,530
yeter,female,0.91,1078
yethie,female,1.0,1
yeting,female,0.8,5
yetisma,None,0.0,0
yeuhi,male,1.0,1
yeujin,None,0.0,0
yeukai,female,0.84,43
yeung,male,0.68,157
yeungkyung,None,0.0,0
yeunglong,None,0.0,0
yeunjung,None,0.0,0
yeunsook,female,1.0,1
yeuseung,None,0.0,0
yevdokiya,female,1.0,3
yevgen,male,0.98,142
yevgeni,male,0.97,39
yevgeniy,male,0.99,322
yevgeniyborodavka,None,0.0,0
yevgeny,male,1.0,136
yevgine,female,1.0,3
yevhen,male,1.0,81
yevheniia,female,1.0,1
yevvon,None,0.0,0
yew,male,0.81,519
yewei,male,0.67,6
yewen,female,0.55,11
yewsoon,None,0.0,0
yewyih,None,0.0,0
yexi,female,0.93,15
yexia,female,0.75,4
yexin,female,0.6,5
yexing,female,1.0,1
yexuan,male,1.0,2
yeycy,None,0.0,0
yeyi,female,0.75,89
yeyoung,female,1.0,14
yeyun,male,1.0,2
yezekael,None,0.0,0
yezheng,None,0.0,0
yezhou,male,1.0,1
yezhuang,male,1.0,1
yezi,female,0.78,83
ygal,male,1.0,30
yhlas,male,1.0,13
yhuri,female,0.5,2
yi,female,0.5,2044
yian,male,0.59,94
yiannis,male,0.99,1427
yibai,female,0.75,4
yibao,male,1.0,2
yibiao,male,1.0,5
yibin,male,0.88,24
yibing,male,0.62,13
yibo,male,0.69,36
yican,female,1.0,1
yichan,None,0.0,0
yichang,male,1.0,3
yichao,male,0.75,12
yiche,male,1.0,1
yichen,male,0.6,47
yicheng,male,0.83,35
yicheol,male,1.0,1
yichi,female,0.57,14
yichia,female,1.0,2
yichiao,female,1.0,1
yichieh,None,0.0,0
yichien,female,1.0,2
yichih,female,1.0,2
yiching,female,0.88,8
yichong,male,1.0,2
yichou,male,1.0,2
yichu,male,1.0,1
yichuan,female,0.63,8
yichuang,None,0.0,0
yichun,female,0.61,23
yichung,male,1.0,1
yici,female,0.5,2
yicong,male,0.75,4
yicun,None,0.0,0
yida,female,0.5,30
yidan,female,0.8,20
yide,female,0.5,8
yidi,female,0.6,10
yiding,male,0.71,7
yidong,male,1.0,9
yiduo,female,0.67,3
yie,male,0.58,59
yienchang,None,0.0,0
yifan,male,0.71,114
yifang,female,0.75,20
yifat,female,0.94,17
yifei,male,0.63,79
yifen,female,1.0,5
yifeng,male,0.96,45
yiftach,male,1.0,5
yifu,male,0.88,24
yigael,male,1.0,3
yigal,male,1.0,58
yigan,None,0.0,0
yigang,male,1.0,6
yige,female,0.56,9
yigit,male,0.97,3009
yigitcan,male,0.97,119
yigong,male,1.0,2
yiguang,male,0.67,3
yih,male,0.57,127
yihai,male,1.0,4
yihan,female,0.61,38
yihang,male,0.78,18
yihao,male,1.0,10
yihau,None,0.0,0
yihchih,None,0.0,0
yihe,male,0.67,3
yihen,female,1.0,2
yiheng,male,1.0,7
yiheyis,male,1.0,4
yihher,None,0.0,0
yihing,None,0.0,0
yihjia,None,0.0,0
yihlan,None,0.0,0
yihlang,None,0.0,0
yihong,female,0.52,33
yihorng,None,0.0,0
yihru,None,0.0,0
yihruey,None,0.0,0
yihshung,None,0.0,0
yihsiang,male,1.0,1
yihsien,None,0.0,0
yihsin,female,0.8,5
yihsing,male,1.0,1
yihsiu,female,1.0,1
yihsuan,female,1.0,3
yihsun,None,0.0,0
yihsung,None,0.0,0
yihua,female,0.63,51
yihuan,female,0.5,2
yihuang,male,1.0,2
yihui,male,0.54,39
yihwa,female,0.88,8
yihyuh,None,0.0,0
yijen,female,1.0,5
yijhen,female,1.0,2
yiji,female,0.5,4
yijia,female,0.67,15
yijian,male,1.0,10
yijiang,male,0.67,6
yijiao,female,1.0,6
yijie,male,0.64,28
yijin,female,0.87,15
yijing,female,0.88,25
yijr,None,0.0,0
yiju,female,1.0,1
yijui,None,0.0,0
yijun,male,0.55,64
yijung,female,1.0,3
yikai,male,1.0,12
yikang,male,1.0,2
yike,male,0.57,7
yikuei,None,0.0,0
yikun,male,0.8,5
yikuo,None,0.0,0
yila,female,0.61,18
yilan,female,0.59,64
yilang,male,0.75,4
yildiray,male,0.97,589
yildirim,male,0.93,992
yildiz,female,0.83,1706
yile,male,0.63,16
yilei,female,0.5,8
yili,female,0.75,73
yiliang,male,0.92,12
yilin,female,0.77,82
yiling,female,0.87,78
yilmaz,male,0.96,5576
yilong,male,0.91,23
yilu,male,0.54,13
yilun,male,0.6,10
yilung,male,1.0,3
yim,female,0.56,279
yiman,female,0.71,7
yimei,female,1.0,16
yimeng,female,0.63,19
yimiao,female,1.0,2
yimin,male,0.85,52
yiming,male,0.82,94
yimo,male,0.79,14
yimshu,None,0.0,0
yimteo,None,0.0,0
yin,female,0.66,1601
yina,female,0.97,355
yinan,male,0.61,38
yinben,None,0.0,0
yinbin,male,1.0,1
yinbo,male,0.67,3
yinchen,male,0.67,3
yinchi,female,1.0,1
yinchu,female,0.67,3
yinda,female,0.6,10
yinding,None,0.0,0
yindong,male,0.67,3
yinfa,male,1.0,1
yinfang,female,1.0,1
yinfei,male,0.63,8
yinfeng,male,0.71,7
yinfu,None,0.0,0
ying,female,0.86,3620
yingan,None,0.0,0
yingbei,None,0.0,0
yingbiao,None,0.0,0
yingbin,male,0.8,5
yingbo,male,1.0,4
yingcai,male,1.0,1
yingchao,male,0.88,8
yingcheng,male,1.0,2
yingchi,female,0.5,2
yingchia,None,0.0,0
yingchieh,None,0.0,0
yingchien,None,0.0,0
yingchu,female,0.67,3
