female,White/European,female,White/European,female,White/European
female,Hispanic/Latino,female,Hispanic/Latino,female,Indian Subcontinet
female,White/European,female,White/European,female,White/European
male,East Asian,male,East Asian,male,East Asian
male,White/European,male,White/European,male,White/European
male,White/European,male,White/European,male,White/European
male,White/European,male,White/European,male,White/European
male,White/European,male,White/European,male,White/European
male,White/European,male,White/European,male,White/European
male,White/European,male,White/European,male,White/European
male,White/European,male,White/European,male,White/European
male,White/European,male,White/European,male,White/European
male,White/European,male,White/European,male,White/European
male,White/European,male,White/European,male,White/European
female,Middle Eastern,female,White/European,female,White/European
female,White/European,female,White/European,female,White/European
male,White/European,male,White/European,other,White/European
male,East Asian,male,East Asian,male,East Asian
female,Middle Eastern,female,Middle Eastern,female,Middle Eastern
male,White/European,male,White/European,male,White/European
male,White/European,male,White/European,male,White/European
male,White/European,male,White/European,male,White/European
male,White/European,male,White/European,male,White/European
male,White/European,male,White/European,male,White/European
male,White/European,male,White/European,male,White/European
female,Middle Eastern,female,Middle Eastern,female,Middle Eastern
male,White/European,male,White/European,male,White/European
male,White/European,male,White/European,male,White/European
male,White/European,male,White/European,male,White/European
male,White/European,male,White/European,male,White/European
male,White/European,male,White/European,male,White/European
male,White/European,male,White/European,male,White/European
male,White/European,male,White/European,male,White/European
female,White/European,female,White/European,female,White/European
male,White/European,male,White/European,male,White/European
male,White/European,male,White/European,male,White/European
female,White/European,female,White/European,female,White/European
female,East Asian,female,East Asian,female,East Asian
male,White/European,male,White/European,male,White/European
male,White/European,male,White/European,male,White/European
male,East Asian,male,East Asian,male,East Asian
male,White/European,male,White/European,male,White/European
female,White/European,female,White/European,female,White/European
male,White/European,male,White/European,male,White/European
male,White/European,male,White/European,male,White/European
male,White/European,male,White/European,male,White/European
male,White/European,male,White/European,male,White/European
female,Middle Eastern,female,Middle Eastern,female,Middle Eastern
female,White/European,female,White/European,female,White/European
female,White/European,female,White/European,female,White/European